<?xml version="1.0" encoding="UTF-8"?><rss version="2.0"
	xmlns:content="http://purl.org/rss/1.0/modules/content/"
	xmlns:wfw="http://wellformedweb.org/CommentAPI/"
	xmlns:dc="http://purl.org/dc/elements/1.1/"
	xmlns:atom="http://www.w3.org/2005/Atom"
	xmlns:sy="http://purl.org/rss/1.0/modules/syndication/"
	xmlns:slash="http://purl.org/rss/1.0/modules/slash/"
	>

<channel>
	<title>Prodotti &#8211; Coeur du Benin</title>
	<atom:link href="http://localhost/woocommerce/negozio/feed/?simply_static_page=119" rel="self" type="application/rss+xml" />
	<link></link>
	<description>Beneficenza con stile</description>
	<lastBuildDate>Mon, 20 Mar 2023 16:10:27 +0000</lastBuildDate>
	<language>it-IT</language>
	<sy:updatePeriod>
	hourly	</sy:updatePeriod>
	<sy:updateFrequency>
	1	</sy:updateFrequency>
	<generator>https://wordpress.org/?v=6.1.1</generator>
	<item>
		<title>Gonna Nicole</title>
		<link>/prodotto/gonna-nicole/</link>
					<comments>/prodotto/gonna-nicole/#respond</comments>
		
		<dc:creator><![CDATA[Jen]]></dc:creator>
		<pubDate>Mon, 20 Mar 2023 16:10:27 +0000</pubDate>
				<guid isPermaLink="false">/?post_type=product#038;p=73</guid>

					<description><![CDATA[Gonna Nicole]]></description>
										<content:encoded><![CDATA[<p>Gonna leggera e corta con colori vivaci</p>
]]></content:encoded>
					
					<wfw:commentRss>/prodotto/gonna-nicole/feed/</wfw:commentRss>
			<slash:comments>0</slash:comments>
		
		
			</item>
		<item>
		<title>Gonna Alessia</title>
		<link>/prodotto/gonna-alessia/</link>
					<comments>/prodotto/gonna-alessia/#respond</comments>
		
		<dc:creator><![CDATA[Jen]]></dc:creator>
		<pubDate>Mon, 20 Mar 2023 16:06:05 +0000</pubDate>
				<guid isPermaLink="false">/?post_type=product#038;p=72</guid>

					<description><![CDATA[Gonna Alessia]]></description>
										<content:encoded><![CDATA[<p>Gonna 100% cotone con colori naturali per le pelli più sensibili</p>
]]></content:encoded>
					
					<wfw:commentRss>/prodotto/gonna-alessia/feed/</wfw:commentRss>
			<slash:comments>0</slash:comments>
		
		
			</item>
		<item>
		<title>Gonna Elisa</title>
		<link>/prodotto/gonna-elisa/</link>
					<comments>/prodotto/gonna-elisa/#respond</comments>
		
		<dc:creator><![CDATA[Jen]]></dc:creator>
		<pubDate>Mon, 20 Mar 2023 15:19:01 +0000</pubDate>
				<guid isPermaLink="false">/?post_type=product#038;p=64</guid>

					<description><![CDATA[Gonna Elisa]]></description>
										<content:encoded><![CDATA[<p>Gonna leggera e morbida dai colori neutri</p>
]]></content:encoded>
					
					<wfw:commentRss>/prodotto/gonna-elisa/feed/</wfw:commentRss>
			<slash:comments>0</slash:comments>
		
		
			</item>
	</channel>
</rss>
